,y_pred
0,0.0091312407935969
1,0.008209042491643
2,0.0075952288197124
3,0.0075952288197124
4,0.0075952288197124
5,0.0075952288197124
6,0.0075952288197124
7,0.0075952288197124
8,0.0099130627539947
9,0.0085486261468654
10,0.0063643386319922
11,0.0063643386319922
12,0.0064650938463577
13,0.0063572888555608
14,0.0069627840348138
15,0.0069627840348138
16,0.0069627840348138
17,0.0070482880079722
18,0.0070482880079722
19,0.0070482880079722
20,0.0070482880079722
21,0.0075137756947815
22,0.0088209814663102
23,0.0088734363731159
24,0.0088714989870387
25,0.0088714989870387
26,0.007720083931488
27,0.007720083931488
28,0.007720083931488
29,0.007720083931488
30,0.007720083931488
31,0.007720083931488
32,0.007720083931488
33,0.007720083931488
34,0.00767878098718
35,0.0074517953433892
36,0.0074517953433892
37,0.0074517953433892
38,0.0074517953433892
39,0.0078077282396757
40,0.0074517953433892
41,0.0074517953433892
42,0.0074076815902251
43,0.0074376706651654
44,0.0074376706651654
45,0.0074376706651654
46,0.0076642293860106
47,0.0102448857769249
48,0.0092019326119636
49,0.0092019326119636
50,0.0092019326119636
51,0.0092019326119636
52,0.010764143274076
53,0.0082122400283456
54,0.0082122400283456
55,0.0082122400283456
56,0.0082122400283456
57,0.0085985413331172
58,0.0093141869229698
59,0.0090341291986182
60,0.0089272239586493
61,0.0074987695572226
62,0.0075423211207509
63,0.0075474710014085
64,0.0079079374084645
65,0.0085361445885405
66,0.0084391636538656
67,0.0084391636538656
68,0.0077209580930812
69,0.0077209580930812
70,0.0077173776993168
71,0.0077173776993168
72,0.0077173776993168
73,0.0079350232675611
74,0.0079350232675611
75,0.0079350232675611
76,0.0079350232675611
77,0.0079350232675611
78,0.0080852933138844
79,0.0068074413906623
80,0.0066309927915596
81,0.0066309927915596
82,0.0066309927915596
83,0.0066309927915596
84,0.0066309927915596
85,0.0063283618829768
86,0.0063283618829768
87,0.0063283618829768
88,0.0063326881638601
89,0.0062784295991286
90,0.0062784295991286
91,0.0062784295991286
92,0.0064354054486389
93,0.0062601812138761
94,0.0061717514182067
95,0.0060382290236443
96,0.0062784295991286
97,0.0072788832984065
98,0.0074118953385232
99,0.0074118953385232
100,0.0074118953385232
101,0.0072707315402196
102,0.0072707315402196
103,0.0073972045533023
104,0.0072707315402196
105,0.0072707315402196
106,0.0072707315402196
107,0.0073008399938804
108,0.0074648514159954
109,0.0075721763124337
110,0.0075721763124337
111,0.0075721763124337
112,0.0075764411478444
113,0.0075764411478444
114,0.0075764411478444
115,0.0075764411478444
116,0.0075764411478444
117,0.0075315951053602
118,0.007328306216696
119,0.007328306216696
120,0.0097634619460173
121,0.0097634619460173
122,0.008976287977204
123,0.0105244434083035
124,0.0105244434083035
125,0.011404844018129
126,0.0103927966100601
127,0.0092865805060178
128,0.0092865805060178
129,0.0095480549161951
130,0.0090614270417891
131,0.0078477085651494
132,0.0078477085651494
133,0.0079554432899051
134,0.0074898403663749
135,0.0075289805396459
136,0.0075289805396459
137,0.0086434542564065
138,0.0077622519649189
139,0.0077622519649189
140,0.0077565423962379
141,0.0077565423962379
142,0.0076358152928972
143,0.0085212054493099
144,0.0088404514790116
145,0.0100737857569494
146,0.0598569215380195
147,0.0699790198431206
148,0.0639195730161909
149,0.0639195730161909
150,0.0651181563788134
151,0.0657187227699169
152,0.0657187227699169
153,0.0673696383854699
154,0.0673696383854699
155,0.0657187227699169
156,0.0657187227699169
157,0.0657187227699169
158,0.0657187227699169
159,0.0581222385023431
160,0.0407888511298518
161,0.0398553969389597
162,0.7824931936891559
163,0.8925380795964792
164,0.8513440112978341
165,0.8229720657656284
166,0.8606714182580765
167,0.9382774463157524
168,0.9556820907064728
169,0.96739075137204
170,0.983127015542982
171,0.983127015542982
172,0.9843488678977766
173,0.9871119549160048
174,0.989514192370817
175,0.989514192370817
176,0.989514192370817
177,0.9894234497705826
178,0.9894234497705826
179,0.9894234497705826
180,0.9894234497705826
181,0.9894234497705826
182,0.9894234497705826
183,0.9894234497705826
184,0.9894234497705826
185,0.9894234497705826
186,0.9894234497705826
187,0.9894234497705826
188,0.9894234497705826
189,0.9894234497705826
190,0.9894234497705826
191,0.9894234497705826
192,0.9894234497705826
193,0.9894234497705826
194,0.9894234497705826
195,0.9894234497705826
196,0.9894234497705826
197,0.9894234497705826
198,0.9894234497705826
199,0.9894234497705826
200,0.9894234497705826
201,0.9894234497705826
202,0.9894234497705826
203,0.9894234497705826
204,0.9894234497705826
205,0.9894234497705826
206,0.9894234497705826
207,0.9894234497705826
208,0.9894234497705826
209,0.9894234497705826
210,0.9894234497705826
211,0.9894234497705826
212,0.9894234497705826
213,0.9894234497705826
214,0.9894234497705826
215,0.9894234497705826
216,0.9894234497705826
217,0.9894234497705826
218,0.9894234497705826
219,0.9894234497705826
220,0.9894234497705826
221,0.9894234497705826
222,0.9894234497705826
223,0.9894234497705826
224,0.9894234497705826
225,0.9894234497705826
226,0.9894234497705826
227,0.9894234497705826
228,0.9894234497705826
229,0.9894234497705826
230,0.9894234497705826
231,0.9894234497705826
232,0.9894234497705826
233,0.9894234497705826
234,0.9894234497705826
235,0.9894234497705826
236,0.9894234497705826
237,0.9894234497705826
238,0.9894234497705826
239,0.9894234497705826
240,0.9894234497705826
241,0.9894234497705826
242,0.9894234497705826
243,0.9894234497705826
244,0.9894234497705826
245,0.9894234497705826
246,0.9894234497705826
247,0.9894234497705826
248,0.9894234497705826
249,0.9894234497705826
250,0.9894234497705826
251,0.9894234497705826
252,0.9894234497705826
253,0.9894234497705826
254,0.9894234497705826
255,0.9894234497705826
256,0.9894234497705826
257,0.9894234497705826
258,0.9894234497705826
259,0.9894234497705826
260,0.9894234497705826
261,0.9894234497705826
262,0.9894234497705826
263,0.9894234497705826
264,0.9894234497705826
265,0.9894234497705826
266,0.9894234497705826
267,0.9894234497705826
268,0.9894234497705826
269,0.9894234497705826
270,0.9894234497705826
271,0.9894234497705826
272,0.9894234497705826
273,0.9894234497705826
274,0.9894234497705826
275,0.9894234497705826
276,0.9894234497705826
277,0.9894234497705826
278,0.9894234497705826
279,0.9894234497705826
280,0.9894234497705826
281,0.9894234497705826
282,0.9894234497705826
283,0.9894234497705826
284,0.9894234497705826
285,0.9894234497705826
286,0.9894234497705826
287,0.9894234497705826
288,0.9894234497705826
289,0.9894234497705826
290,0.9894234497705826
291,0.9894234497705826
292,0.9894234497705826
293,0.9894234497705826
294,0.9894234497705826
295,0.9894234497705826
296,0.9894234497705826
297,0.9894234497705826
298,0.9894234497705826
299,0.9894234497705826
300,0.9894234497705826
301,0.9894234497705826
302,0.9894234497705826
303,0.9894234497705826
304,0.9894234497705826
305,0.9894234497705826
306,0.9894234497705826
307,0.9894234497705826
308,0.9894234497705826
309,0.9894234497705826
310,0.9894234497705826
311,0.9894234497705826
312,0.9894234497705826
313,0.9894234497705826
314,0.9894234497705826
315,0.9894234497705826
316,0.9894234497705826
317,0.9894234497705826
318,0.9894234497705826
319,0.9894234497705826
320,0.9894234497705826
321,0.9894234497705826
322,0.9894234497705826
323,0.9894234497705826
324,0.9894234497705826
325,0.9894234497705826
326,0.9894234497705826
327,0.9894234497705826
328,0.9894234497705826
329,0.9894234497705826
330,0.9894234497705826
331,0.9894234497705826
332,0.9894234497705826
333,0.9894234497705826
334,0.9894234497705826
335,0.9894234497705826
336,0.9894234497705826
337,0.9894234497705826
338,0.9894234497705826
339,0.9894234497705826
340,0.9894234497705826
341,0.9894234497705826
342,0.9894234497705826
343,0.9894234497705826
344,0.9894234497705826
345,0.9894234497705826
346,0.9894234497705826
347,0.9894234497705826
348,0.9894234497705826
349,0.9894234497705826
350,0.9894234497705826
351,0.9894234497705826
352,0.9894234497705826
353,0.9894234497705826
354,0.9894234497705826
355,0.9894234497705826
356,0.9894234497705826
357,0.9894234497705826
358,0.9894234497705826
359,0.9894234497705826
360,0.9894234497705826
361,0.9894234497705826
362,0.9894234497705826
363,0.9894234497705826
364,0.9894234497705826
365,0.9894234497705826
366,0.9894234497705826
367,0.9894234497705826
368,0.9894234497705826
369,0.9894234497705826
370,0.9894234497705826
371,0.9894234497705826
372,0.9894234497705826
373,0.9894234497705826
374,0.9894234497705826
375,0.9894234497705826
376,0.9894234497705826
377,0.9894234497705826
378,0.9894234497705826
379,0.9894234497705826
380,0.9894234497705826
381,0.9894234497705826
382,0.9894234497705826
383,0.9894234497705826
384,0.9894234497705826
385,0.9894234497705826
386,0.9894234497705826
387,0.9894234497705826
388,0.9894234497705826
389,0.9894234497705826
390,0.9894234497705826
391,0.9894234497705826
392,0.9894234497705826
393,0.9894234497705826
394,0.9894234497705826
395,0.9894234497705826
396,0.9894234497705826
397,0.9894234497705826
398,0.9894234497705826
399,0.9894234497705826
400,0.9894234497705826
401,0.9894234497705826
402,0.9894234497705826
403,0.9894234497705826
404,0.9894234497705826
405,0.9894234497705826
406,0.9894234497705826
407,0.9894234497705826
408,0.9894234497705826
409,0.9894234497705826
410,0.9894234497705826
411,0.9894234497705826
412,0.9894234497705826
413,0.9894234497705826
414,0.9894234497705826
415,0.9894234497705826
416,0.9894234497705826
417,0.9894234497705826
418,0.9894234497705826
419,0.9894234497705826
420,0.9894234497705826
421,0.9894234497705826
422,0.9894234497705826
423,0.9894234497705826
424,0.9894234497705826
425,0.9894234497705826
426,0.9894234497705826
427,0.9894234497705826
428,0.9894234497705826
429,0.9894234497705826
430,0.9894234497705826
431,0.9894234497705826
432,0.9894234497705826
433,0.9894234497705826
434,0.9894234497705826
435,0.9894234497705826
436,0.9894234497705826
437,0.9894234497705826
438,0.9894234497705826
439,0.9894234497705826
440,0.9894234497705826
441,0.9894234497705826
442,0.9894234497705826
443,0.9894234497705826
444,0.9894234497705826
445,0.9894234497705826
446,0.9894234497705826
447,0.9894234497705826
448,0.9894234497705826
449,0.9894234497705826
450,0.9894234497705826
451,0.9894234497705826
452,0.9894234497705826
453,0.9894234497705826
454,0.9894234497705826
455,0.9894234497705826
456,0.9894234497705826
457,0.9894234497705826
458,0.9894234497705826
459,0.9894234497705826
460,0.9894234497705826
461,0.9894234497705826
462,0.9894234497705826
463,0.9894234497705826
464,0.9894234497705826
465,0.9894234497705826
466,0.9894234497705826
467,0.9894234497705826
468,0.9894234497705826
469,0.9894234497705826
470,0.9894234497705826
471,0.9894234497705826
472,0.9894234497705826
473,0.9894234497705826
474,0.9894234497705826
475,0.9894234497705826
476,0.9894234497705826
477,0.9894234497705826
478,0.9894234497705826
479,0.9894234497705826
480,0.9894234497705826
481,0.9894234497705826
482,0.9894234497705826
483,0.9894234497705826
484,0.9894234497705826
485,0.9894234497705826
486,0.9894234497705826
487,0.9894234497705826
488,0.9894766994073956
489,0.989514192370817
490,0.9871119549160048
491,0.985866713697584
492,0.9823763591633236
493,0.9819538089301644
494,0.9819538089301644
495,0.9819538089301644
496,0.9819538089301644
497,0.983005090927416
498,0.983005090927416
499,0.9122474951829332
500,0.8488619211286117
501,0.8487619127984416
502,0.8491958765911661
503,0.8540738291629669
504,0.8793774636174314
505,0.8793774636174314
506,0.8793774636174314
507,0.8761310021765454
508,0.8853196939229685
509,0.8975586333025817
510,0.8975207316746979
511,0.353384046596264
512,0.3544027760090735
513,0.091607433486189
514,0.056636452119262
515,0.0490745605493921
516,0.0847034701479538
517,0.0860870684576121
518,0.0860870684576121
519,0.0915242203727156
520,0.0953169919388406
521,0.0953169919388406
522,0.1022457917329128
523,0.101530166102496
524,0.0520326199558088
525,0.0520326199558088
526,0.0520326199558088
527,0.0569074448351764
528,0.0655312783268971
529,0.0952244087148411
530,0.0952244087148411
531,0.0798270628596811
532,0.0744604111910988
533,0.0744604111910988
534,0.0178288245182223
535,0.0178288245182223
536,0.0178288245182223
537,0.0178288245182223
538,0.0178288245182223
539,0.0128891821414338
540,0.0128891821414338
541,0.0119678951768641
542,0.0119678951768641
543,0.0142782339613311
544,0.009863386024326
545,0.0111578174828618
546,0.0144525648558924
547,0.0144525648558924
548,0.0168521693594836
549,0.0234356458876124
550,0.0233804515244361
551,0.0277536991172581
552,0.0281037693190208
553,0.0173317940190766
554,0.0173317940190766
555,0.015459498725157
556,0.015459498725157
557,0.0143571640059364
558,0.0100030196630421
559,0.009652662627883
560,0.009652662627883
561,0.0095076618571127
562,0.0095076618571127
563,0.0095076618571127
564,0.0076412147712225
565,0.0077505350633996
566,0.0077505350633996
567,0.0076299007425166
568,0.0077505350633996
569,0.0077505350633996
570,0.0077461729941319
571,0.0096591871999788
572,0.0082693506400267
573,0.0086639929621435
574,0.0082306445489482
575,0.0082469506303066
576,0.0082469506303066
577,0.0078711536348767
578,0.0078711536348767
579,0.0078711536348767
580,0.0078711536348767
581,0.0078711536348767
582,0.0078711536348767
583,0.0078711536348767
584,0.0078711536348767
585,0.0078711536348767
586,0.0083602610761924
587,0.0070629394611365
588,0.0070629394611365
589,0.0070629394611365
590,0.0088611011704163
591,0.0088611011704163
592,0.0088611011704163
593,0.0074445081865761
594,0.0074445081865761
595,0.0069096689328832
596,0.0068959885736839
597,0.0072203709581743
598,0.0084111775376865
599,0.0087911537471987
600,0.007766358916194
601,0.007766358916194
602,0.0076454802004057
603,0.0103530765684491
604,0.0104074005419229
605,0.0092749709911309
606,0.0092749709911309
607,0.0092749709911309
608,0.0105684446553625
609,0.011443214241897
610,0.0134777261754529
611,0.0143565268671498
612,0.0143565268671498
613,0.0143565268671498
614,0.0127109074019039
615,0.0145332792718867
616,0.0132458542933939
617,0.0121503812938206
618,0.010588777180496
619,0.0104726782091409
620,0.0089637623538063
621,0.0089637623538063
622,0.0089637623538063
623,0.0089637623538063
624,0.0089637623538063
625,0.0083206896208744
626,0.0084519836311393
627,0.0084519836311393
628,0.0084519836311393
629,0.0084519836311393
630,0.0084519836311393
631,0.0092345386828384
632,0.0085033283082814
633,0.0082521716439148
634,0.0082521716439148
635,0.0082521716439148
636,0.0082521716439148
637,0.0091267226829162
638,0.0091267226829162
639,0.0105481049610708
640,0.0088359222215218
641,0.0086821155712992
642,0.0088463218348559
643,0.0088463218348559
644,0.0088463218348559
645,0.0098214658786118
646,0.0099623326007911
647,0.0099035050537251
648,0.0099035050537251
649,0.0087677300759035
650,0.0087677300759035
651,0.0087677300759035
652,0.0087677300759035
653,0.0087677300759035
654,0.0087677300759035
655,0.0087677300759035
656,0.0075844185821925
657,0.0088219585343433
658,0.0825852927029993
659,0.0825852927029993
660,0.4516854909667363
661,0.764612100296176
662,0.7328838679200965
663,0.7460620155103797
664,0.758729300027778
665,0.7605229268085578
666,0.758729300027778
667,0.7925425168331777
668,0.7925425168331777
669,0.8172188343544984
670,0.8135878235941237
671,0.0693082674839519
672,0.0070334481103127
673,0.0062113879175393
674,0.0061990814454243
675,0.0075208804588
676,0.0081264151228409
677,0.0085594073085078
678,0.0085575378941309
679,0.0085575378941309
680,0.0084363656121938
681,0.0084363656121938
682,0.0088463218348559
683,0.0088463218348559
684,0.0088463218348559
685,0.0089116731042333
686,0.0095999784250241
687,0.0095999784250241
688,0.0111906485037757
689,0.0107321418899998
690,0.0099918098212328
691,0.0099918098212328
692,0.0099918098212328
693,0.0099918098212328
694,0.0109655007398483
695,0.0101519323999173
696,0.009567941681313
697,0.0088819127517966
698,0.0095866624717416
699,0.0095866624717416
700,0.0098680571706286
701,0.0091578347239899
702,0.0091578347239899
703,0.0091578347239899
704,0.0091578347239899
705,0.0091578347239899
706,0.0091578347239899
707,0.0091578347239899
708,0.0091578347239899
709,0.010678338271587
710,0.0094379100127108
711,0.0094379100127108
712,0.0095866624717416
713,0.0095866624717416
714,0.0095866624717416
715,0.0095866624717416
716,0.0077573492411215
717,0.0077573492411215
718,0.0077573492411215
719,0.0077485335945178
720,0.0077485335945178
721,0.0079764087214657
722,0.0074617904031805
723,0.0068528679650398
724,0.006798924129211
725,0.0067942815093849
726,0.0079688505443008
727,0.0073375956388607
728,0.0073375956388607
729,0.0077887571940982
730,0.0077940740193327
731,0.0077940740193327
732,0.0077940740193327
733,0.0077940740193327
734,0.0077940740193327
735,0.0077940740193327
736,0.0078913093102598
737,0.0078913093102598
738,0.0078913093102598
739,0.0078913093102598
740,0.0077887571940982
741,0.0077887571940982
742,0.0076783863201844
743,0.0076783863201844
744,0.0076783863201844
745,0.0071100189982402
746,0.0071100189982402
747,0.0071100189982402
748,0.0071148758200308
749,0.0071164323435909
750,0.0071164323435909
751,0.0071115744668824
752,0.0065464031736266
753,0.0065191388727387
754,0.0070445919954368
755,0.0070740381954753
756,0.0067513246262166
757,0.0072878008239616
758,0.0072878008239616
759,0.0072878008239616
760,0.0073838060905836
761,0.007489974561859
762,0.007489974561859
763,0.007489974561859
764,0.0064422673787832
765,0.0064422673787832
766,0.0062410958051371
767,0.0060711299354649
768,0.0060831839519251
769,0.0060831839519251
770,0.0060831839519251
771,0.0063741653283974
772,0.0063741653283974
773,0.0063741653283974
774,0.0063741653283974
775,0.0063741653283974
776,0.0060831839519251
777,0.0060831839519251
778,0.0060831839519251
779,0.0061745715499499
780,0.0061745715499499
781,0.0061745715499499
782,0.0061567269476416
783,0.0061000574454259
784,0.0072222337223884
785,0.0078452908014117
786,0.0082142554615939
787,0.0082687733569693
788,0.0082687733569693
789,0.0066931959572198
790,0.0066931959572198
791,0.0066931959572198
792,0.0066931959572198
793,0.0066931959572198
794,0.0066931959572198
795,0.0067463066254942
796,0.0067463066254942
797,0.0067463066254942
798,0.0067027399273275
799,0.0067027399273275
800,0.0072035345015131
801,0.0072035345015131
802,0.0072035345015131
803,0.0065871892445935
804,0.0065871892445935
805,0.0065871892445935
806,0.0065871892445935
807,0.0065871892445935
808,0.0065871892445935
809,0.0065871892445935
810,0.0065353229944684
811,0.0065353229944684
812,0.0065353229944684
813,0.0071136809194939
814,0.0071136809194939
815,0.0071136809194939
816,0.0071136809194939
817,0.0078034642406215
818,0.0078034642406215
819,0.007858261048071
820,0.0078470187778551
821,0.0079711967128086
822,0.0080761314005759
823,0.0081241932820291
824,0.0081241932820291
825,0.0079231858306134
826,0.0087703896826715
827,0.0087703896826715
828,0.0087703896826715
829,0.0075827556261705
830,0.0075827556261705
831,0.0070155666321605
832,0.0070155666321605
833,0.0070155666321605
834,0.0070155666321605
835,0.0070155666321605
836,0.0070155666321605
837,0.0070155666321605
838,0.0069740171566547
839,0.0069740171566547
840,0.0069740171566547
841,0.0069740171566547
842,0.0069740171566547
843,0.0069740171566547
844,0.0068751115884455
845,0.0068766160219972
846,0.0068403113630858
847,0.0060748728267528
848,0.0060748728267528
849,0.0062449428231208
850,0.006212207531117
851,0.006212207531117
852,0.006212207531117
853,0.006212207531117
854,0.006212207531117
855,0.006212207531117
856,0.006212207531117
857,0.006212207531117
858,0.006212207531117
859,0.006212207531117
860,0.0062821761326088
861,0.0062821761326088
862,0.0062821761326088
863,0.0065826130069121
864,0.006403406413845
865,0.006403406413845
866,0.0064161158949321
867,0.006403406413845
868,0.0065826130069121
869,0.0070758917077912
870,0.007209940145664
871,0.007209940145664
872,0.00691758924796
873,0.00691758924796
874,0.0068766160219972
875,0.0068751115884455
876,0.0080249961063269
877,0.0080249961063269
878,0.0076204929253959
879,0.0076204929253959
880,0.0077300381089693
881,0.0077300381089693
882,0.0077300381089693
883,0.0077300381089693
884,0.0077300381089693
885,0.0077300381089693
886,0.0083563691775937
887,0.0083664673415825
888,0.0082429073608447
889,0.0080515034390288
890,0.0080515034390288
891,0.0079927900171399
892,0.0081253695926011
893,0.0067681705578364
894,0.0067681705578364
895,0.0067681705578364
896,0.0067681705578364
897,0.0067681705578364
898,0.0067681705578364
899,0.0067681705578364
900,0.0067681705578364
901,0.0072374211350933
902,0.0066675232219346
903,0.0073768077266297
904,0.007431030162417
905,0.007431030162417
906,0.007431030162417
907,0.0075378724912715
908,0.0075378724912715
909,0.0075378724912715
910,0.0075378724912715
911,0.0075378724912715
912,0.0075378724912715
913,0.0074449595045437
914,0.0073305566848929
915,0.0067903120021415
916,0.0066515512498873
917,0.0066515512498873
918,0.0069695291128402
919,0.0069695291128402
920,0.0069695291128402
921,0.0069695291128402
922,0.0069695291128402
923,0.0069695291128402
924,0.0069695291128402
925,0.0069695291128402
926,0.0069695291128402
927,0.0069695291128402
928,0.0069695291128402
929,0.0069695291128402
930,0.0066515512498873
931,0.0066515512498873
932,0.0066594618795242
933,0.0066594618795242
934,0.0067734262171327
935,0.006916075912904
936,0.0070155666321605
937,0.0070171015833645
938,0.0063726064475509
939,0.0061990814454243
940,0.0062113879175393
941,0.0062113879175393
942,0.0062113879175393
943,0.0061990814454243
944,0.0063726064475509
945,0.0063726064475509
946,0.0063726064475509
947,0.0075345746608873
948,0.0075721763124337
949,0.0075764411478444
950,0.0075315951053602
951,0.0075315951053602
952,0.0075315951053602
953,0.0075315951053602
954,0.0075315951053602
955,0.0075315951053602
956,0.0075315951053602
957,0.0075315951053602
958,0.0069740171566547
959,0.0069740171566547
960,0.0069740171566547
961,0.0069740171566547
962,0.0069740171566547
963,0.0069740171566547
964,0.0069740171566547
965,0.0076565837030275
966,0.0075712276516032
967,0.0075712276516032
968,0.0075712276516032
969,0.0075712276516032
970,0.0075712276516032
971,0.0075712276516032
972,0.00853419971958
973,0.0081847971458262
974,0.0081847971458262
975,0.0081847971458262
976,0.0081847971458262
977,0.0081847971458262
978,0.0081847971458262
979,0.0081847971458262
980,0.0081847971458262
981,0.0082335003404108
982,0.0082335003404108
983,0.0082335003404108
984,0.0082335003404108
985,0.0082335003404108
986,0.0082335003404108
987,0.0082335003404108
988,0.0082335003404108
989,0.0082335003404108
990,0.0082335003404108
991,0.0082335003404108
992,0.0082335003404108
993,0.0082335003404108
994,0.0082335003404108
995,0.0075712276516032
996,0.0075712276516032
997,0.0075315951053602
998,0.0075315951053602
999,0.0075315951053602
1000,0.0075315951053602
1001,0.0075315951053602
1002,0.0075315951053602
1003,0.0075315951053602
1004,0.0075315951053602
1005,0.0075315951053602
1006,0.0075315951053602
1007,0.0075315951053602
1008,0.0075315951053602
1009,0.0075315951053602
1010,0.0075315951053602
1011,0.0075315951053602
1012,0.0075315951053602
1013,0.0075315951053602
1014,0.0075315951053602
1015,0.0075315951053602
1016,0.0075315951053602
1017,0.0075315951053602
1018,0.0075273553226498
1019,0.007489974561859
1020,0.0064806694953308
1021,0.0064806694953308
1022,0.0063726064475509
1023,0.0062113879175393
1024,0.0062113879175393
1025,0.0062113879175393
1026,0.0062113879175393
1027,0.0062113879175393
1028,0.0062113879175393
1029,0.0062113879175393
1030,0.0062113879175393
1031,0.0062113879175393
1032,0.0062113879175393
1033,0.0062113879175393
1034,0.0059985046775961
1035,0.0059985046775961
1036,0.0059944053224381
1037,0.0059944053224381
1038,0.006281166922889
1039,0.0062439395572189
1040,0.0062439395572189
1041,0.006192026092152
1042,0.006192026092152
1043,0.006192026092152
1044,0.0061962597504989
1045,0.0061962597504989
1046,0.0061962597504989
1047,0.0061962597504989
1048,0.0061962597504989
1049,0.0059133514511779
1050,0.0059133514511779
1051,0.0059133514511779
1052,0.0059016319648295
1053,0.0061364322601499
1054,0.0074277787258713
1055,0.0074648514159954
1056,0.0075764411478444
1057,0.0075764411478444
1058,0.0075764411478444
1059,0.0075764411478444
1060,0.0075764411478444
1061,0.0075764411478444
1062,0.0074830563423559
1063,0.0074398444256019
1064,0.0074398444256019
1065,0.0088971741223514
1066,0.0083118547172342
1067,0.0094133677181955
1068,0.0094133677181955
1069,0.0089787791546448
1070,0.0085876927184128
1071,0.0085876927184128
1072,0.0094266949407198
1073,0.0093078612309988
1074,0.009059719578159
1075,0.0104041104058873
1076,0.0104041104058873
1077,0.0104578059662612
1078,0.0105532447812336
1079,0.0105532447812336
1080,0.0091897621708225
1081,0.0091554186477468
1082,0.0091554186477468
1083,0.0091554186477468
1084,0.0090258576166568
1085,0.0090258576166568
1086,0.0109099515169314
1087,0.0101090273065618
1088,0.00981541339911
1089,0.008942126461628
1090,0.0085520000884564
1091,0.0085520000884564
1092,0.0085520000884564
1093,0.009668488135953
1094,0.0111437674160699
1095,0.0111437674160699
1096,0.0097047374189917
1097,0.0112516055350565
1098,0.0113701921357365
1099,0.0094061565747489
1100,0.0094061565747489
1101,0.0098545121619458
1102,0.0103633249329726
1103,0.0103633249329726
1104,0.0100632823787391
1105,0.0102891006504119
1106,0.0090515448902271
1107,0.0078699157489175
1108,0.0078699157489175
1109,0.008498508463659
1110,0.008498508463659
1111,0.008436845285542
1112,0.0096897102924894
1113,0.0109031306271157
1114,0.0095579289257975
1115,0.0087452093831401
1116,0.0070947160406937
1117,0.007523249283911
1118,0.0087483609536219
1119,0.0086980287068776
1120,0.0086980287068776
1121,0.0102471077943464
1122,0.0105834369254811
1123,0.0093696004160634
1124,0.0093696004160634
1125,0.0093696004160634
1126,0.0081130918483931
1127,0.0081130918483931
1128,0.0081130918483931
1129,0.0081130918483931
1130,0.0086722360909688
1131,0.0088054525800276
1132,0.0079369500668421
1133,0.0078950919439599
1134,0.0073066672035925
1135,0.0073307180146822
1136,0.0085641601373105
1137,0.0085689788582404
1138,0.0085952790352396
1139,0.0100534909902579
1140,0.0107601253831077
1141,0.0107601253831077
1142,0.0094721500130774
1143,0.0097319250197814
1144,0.0102435404315714
1145,0.007469557942465
1146,0.007469557942465
1147,0.0097615952957611
1148,0.0090463564223308
1149,0.0102267183798637
1150,0.0097615952957611
1151,0.0097615952957611
1152,0.0097615952957611
1153,0.0098150338357569
1154,0.0099551422369667
1155,0.0099551422369667
1156,0.0099551422369667
1157,0.0099551422369667
1158,0.0099551422369667
1159,0.0098963567245612
1160,0.0098963567245612
1161,0.0098963567245612
1162,0.0098963567245612
1163,0.0098963567245612
1164,0.0081847971458262
1165,0.0081847971458262
1166,0.0081847971458262
1167,0.0081847971458262
1168,0.0081847971458262
1169,0.0081847971458262
1170,0.0081847971458262
1171,0.0081847971458262
1172,0.0082335003404108
1173,0.0082335003404108
1174,0.0082335003404108
1175,0.0082335003404108
1176,0.0082335003404108
1177,0.0082335003404108
1178,0.0082335003404108
1179,0.0082335003404108
1180,0.0107440066764751
1181,0.0082335003404108
1182,0.0081886013453724
1183,0.0081886013453724
1184,0.0081886013453724
1185,0.0075764411478444
1186,0.0080727561530629
1187,0.0080727561530629
1188,0.0078324690757139
1189,0.0078324690757139
1190,0.0078324690757139
1191,0.0078324690757139
1192,0.0074754168102537
1193,0.0074754168102537
1194,0.0074754168102537
1195,0.0074770516154931
1196,0.0063677354840821
1197,0.0063677354840821
1198,0.0063677354840821
1199,0.0063677354840821
1200,0.00632999831016
1201,0.00632999831016
1202,0.0064211125649275
1203,0.0064211125649275
1204,0.0064211125649275
1205,0.0064211125649275
1206,0.0075208804588
1207,0.0075456310200143
1208,0.0075456310200143
1209,0.007419942708513
1210,0.007419942708513
1211,0.007419942708513
1212,0.0062113879175393
1213,0.0062113879175393
1214,0.0062113879175393
1215,0.0062113879175393
1216,0.0062113879175393
1217,0.0086741966915074
1218,0.0086741966915074
1219,0.0086741966915074
1220,0.0086741966915074
1221,0.0094209494603802
1222,0.0094209494603802
1223,0.0094209494603802
1224,0.0174083988177779
1225,0.0174083988177779
1226,0.0174083988177779
1227,0.0241802269458824
1228,0.0241802269458824
1229,0.0241802269458824
1230,0.0241802269458824
1231,0.0435318762975759
1232,0.0442420083519379
1233,0.0513646612316818
1234,0.0513646612316818
1235,0.0513923138054716
1236,0.0513923138054716
1237,0.0513923138054716
1238,0.0513923138054716
1239,0.0511525461977131
1240,0.0511525461977131
1241,0.0511525461977131
1242,0.0511525461977131
1243,0.0511525461977131
1244,0.0511525461977131
1245,0.0599094603099647
1246,0.0599094603099647
1247,0.0674607997087228
1248,0.0779830179690068
1249,0.0779830179690068
1250,0.0779830179690068
1251,0.1034687013476825
1252,0.1034687013476825
1253,0.0756461068219774
1254,0.0354247382322355
1255,0.0354247382322355
1256,0.0354247382322355
1257,0.0354247382322355
1258,0.0354247382322355
1259,0.0360122733298935
1260,0.0420242151661368
1261,0.0354247382322355
1262,0.0340127696360902
1263,0.0340127696360902
1264,0.0344862674264413
1265,0.0344862674264413
1266,0.0344862674264413
1267,0.0344862674264413
1268,0.0320102195542479
1269,0.0249168468571941
1270,0.017253924365918
1271,0.0185360448412283
1272,0.0158287759784845
1273,0.0178919347673595
1274,0.0178919347673595
1275,0.016082718517205
1276,0.0158584004756517
1277,0.0159728462712206
1278,0.0159728462712206
1279,0.0159728462712206
1280,0.0159728462712206
1281,0.0159728462712206
1282,0.0192282165242999
1283,0.01850233853078
1284,0.040312966473426
1285,0.0431122108858468
1286,0.0400413125727179
1287,0.0400413125727179
1288,0.0405528251121269
1289,0.0405528251121269
1290,0.0405528251121269
1291,0.0387624514777227
1292,0.0387624514777227
1293,0.0323887977213441
1294,0.0323887977213441
1295,0.0147992899502379
1296,0.0147992899502379
1297,0.0147992899502379
1298,0.0147992899502379
1299,0.0147992899502379
1300,0.0146076735479884
1301,0.0289651182818486
1302,0.0289651182818486
1303,0.0289651182818486
1304,0.0285651833390336
1305,0.0388446942969305
1306,0.0270698751712712
1307,0.0267629878737398
1308,0.0149226959632636
1309,0.0117211637594919
1310,0.0252339740513518
1311,0.0252339740513518
1312,0.0273868947372246
1313,0.0295926634887024
1314,0.1390778216686677
1315,0.6368900028497196
1316,0.8960513414740299
1317,0.9463921006566416
1318,0.9588286792414232
1319,0.95977051916707
1320,0.9573443452619528
1321,0.9758295662289348
1322,0.9835225561928256
1323,0.9835225561928256
1324,0.9835225561928256
1325,0.9871119549160048
1326,0.989514192370817
1327,0.9894234497705826
1328,0.9894234497705826
1329,0.9894234497705826
1330,0.9894234497705826
1331,0.9894234497705826
1332,0.9894234497705826
1333,0.9894234497705826
1334,0.9894234497705826
1335,0.9894234497705826
1336,0.9894234497705826
1337,0.9894234497705826
1338,0.9894234497705826
1339,0.9894234497705826
1340,0.9894234497705826
1341,0.9894234497705826
1342,0.9894234497705826
1343,0.9894234497705826
1344,0.9894234497705826
1345,0.9894234497705826
1346,0.9894234497705826
1347,0.9894234497705826
1348,0.9894234497705826
1349,0.9894234497705826
1350,0.9894234497705826
1351,0.9894234497705826
1352,0.9894234497705826
1353,0.9894234497705826
1354,0.9894234497705826
1355,0.9894234497705826
1356,0.9894234497705826
1357,0.9894234497705826
1358,0.9894234497705826
1359,0.9894234497705826
1360,0.9894234497705826
1361,0.9894234497705826
1362,0.9894234497705826
1363,0.9894234497705826
1364,0.9894234497705826
1365,0.9894234497705826
1366,0.9894234497705826
1367,0.9894234497705826
1368,0.9894234497705826
1369,0.9894234497705826
1370,0.9894234497705826
1371,0.9894234497705826
1372,0.9894234497705826
1373,0.9894234497705826
1374,0.9894234497705826
1375,0.9894234497705826
1376,0.9894234497705826
1377,0.9894234497705826
1378,0.9894234497705826
1379,0.9894234497705826
1380,0.9894234497705826
1381,0.9894234497705826
1382,0.9894234497705826
1383,0.9894234497705826
1384,0.9894234497705826
1385,0.9894234497705826
1386,0.9894234497705826
1387,0.9894234497705826
1388,0.9894234497705826
1389,0.9894234497705826
1390,0.9894234497705826
1391,0.9894234497705826
1392,0.9894234497705826
1393,0.9894234497705826
1394,0.9894234497705826
1395,0.9894234497705826
1396,0.9894234497705826
1397,0.9894234497705826
1398,0.9894234497705826
1399,0.9894234497705826
1400,0.9894234497705826
1401,0.9894234497705826
1402,0.9894234497705826
1403,0.9894234497705826
1404,0.9894234497705826
1405,0.9894234497705826
1406,0.9894234497705826
1407,0.9894234497705826
1408,0.9894234497705826
1409,0.9894234497705826
1410,0.9894234497705826
1411,0.9894234497705826
1412,0.9894234497705826
1413,0.9894234497705826
1414,0.9894234497705826
1415,0.9894234497705826
1416,0.9894234497705826
1417,0.9894234497705826
1418,0.9894234497705826
1419,0.9894234497705826
1420,0.9894234497705826
1421,0.9894234497705826
1422,0.9894234497705826
1423,0.9894234497705826
1424,0.9894234497705826
1425,0.9894234497705826
1426,0.9894234497705826
1427,0.9894234497705826
1428,0.9894234497705826
1429,0.9894234497705826
1430,0.9894234497705826
1431,0.9894234497705826
1432,0.9894234497705826
1433,0.9894234497705826
1434,0.9894234497705826
1435,0.9894234497705826
1436,0.9894234497705826
1437,0.9894234497705826
1438,0.9894234497705826
1439,0.9894234497705826
1440,0.9894234497705826
1441,0.9894234497705826
1442,0.9894234497705826
1443,0.9894234497705826
1444,0.9894234497705826
1445,0.9894234497705826
1446,0.9894234497705826
1447,0.9894234497705826
1448,0.9894234497705826
1449,0.9894234497705826
1450,0.9894234497705826
1451,0.9894234497705826
1452,0.9894234497705826
1453,0.9894234497705826
1454,0.9894234497705826
1455,0.9894234497705826
1456,0.9894234497705826
1457,0.9894234497705826
1458,0.9894234497705826
1459,0.9894234497705826
1460,0.9894234497705826
1461,0.9894234497705826
1462,0.9894234497705826
1463,0.9894234497705826
1464,0.9894234497705826
1465,0.9894234497705826
1466,0.9894234497705826
1467,0.9894234497705826
1468,0.9894234497705826
1469,0.9894234497705826
1470,0.9894234497705826
1471,0.9894234497705826
1472,0.9894234497705826
1473,0.9894234497705826
1474,0.9894234497705826
1475,0.9894234497705826
1476,0.9894234497705826
1477,0.9894234497705826
1478,0.9894234497705826
1479,0.9894234497705826
1480,0.9894234497705826
1481,0.9894234497705826
1482,0.9894234497705826
1483,0.9894234497705826
1484,0.9894234497705826
1485,0.9894234497705826
1486,0.9894234497705826
1487,0.9894234497705826
1488,0.9894234497705826
1489,0.9894234497705826
1490,0.9894234497705826
1491,0.9894234497705826
1492,0.9894234497705826
1493,0.9894234497705826
1494,0.9894234497705826
1495,0.9894234497705826
1496,0.9894234497705826
1497,0.9894234497705826
1498,0.9894234497705826
1499,0.9894234497705826
1500,0.9894234497705826
1501,0.9894234497705826
1502,0.9894234497705826
1503,0.9894234497705826
1504,0.9894234497705826
1505,0.9894234497705826
1506,0.9894234497705826
1507,0.9894234497705826
1508,0.9894234497705826
1509,0.9894234497705826
1510,0.9894234497705826
1511,0.9894234497705826
1512,0.9894234497705826
1513,0.9894234497705826
1514,0.9894234497705826
1515,0.9894234497705826
1516,0.9894234497705826
1517,0.9894234497705826
1518,0.9894234497705826
1519,0.9894234497705826
1520,0.9894234497705826
1521,0.9894234497705826
1522,0.9894234497705826
1523,0.9894234497705826
1524,0.9894234497705826
1525,0.9894234497705826
1526,0.9894234497705826
1527,0.9894234497705826
1528,0.9894234497705826
1529,0.9894234497705826
1530,0.9894234497705826
1531,0.9894234497705826
1532,0.9894234497705826
1533,0.9894234497705826
1534,0.9894234497705826
1535,0.9894234497705826
1536,0.9894234497705826
1537,0.9894234497705826
1538,0.9894234497705826
1539,0.9894234497705826
1540,0.9894234497705826
1541,0.9894234497705826
1542,0.9894234497705826
1543,0.9894234497705826
1544,0.9894234497705826
1545,0.9894234497705826
1546,0.9894234497705826
1547,0.9894234497705826
1548,0.9894234497705826
1549,0.9894234497705826
1550,0.9894234497705826
1551,0.9894234497705826
1552,0.9894234497705826
1553,0.9894234497705826
1554,0.9894234497705826
1555,0.9894234497705826
1556,0.9894234497705826
1557,0.9894234497705826
1558,0.9894234497705826
1559,0.9894234497705826
1560,0.9894234497705826
1561,0.9894234497705826
1562,0.9894234497705826
1563,0.9894234497705826
1564,0.9894234497705826
1565,0.9894234497705826
1566,0.9894234497705826
1567,0.9894234497705826
1568,0.9894234497705826
1569,0.9894234497705826
1570,0.9894234497705826
1571,0.9894234497705826
1572,0.9894234497705826
1573,0.9894234497705826
1574,0.9894234497705826
1575,0.9894234497705826
1576,0.9894234497705826
1577,0.9894234497705826
1578,0.9894234497705826
1579,0.9894234497705826
1580,0.9894234497705826
1581,0.9894234497705826
1582,0.9894234497705826
1583,0.9894234497705826
1584,0.9894234497705826
1585,0.9894234497705826
1586,0.9894234497705826
1587,0.9894234497705826
1588,0.9894234497705826
1589,0.9894234497705826
1590,0.9894234497705826
1591,0.9894234497705826
1592,0.9894234497705826
1593,0.9894234497705826
1594,0.9894234497705826
1595,0.9894234497705826
1596,0.9894234497705826
1597,0.9894234497705826
1598,0.9894234497705826
1599,0.9894234497705826
1600,0.9894234497705826
1601,0.9894234497705826
1602,0.9894234497705826
1603,0.9894234497705826
1604,0.9894234497705826
1605,0.9894234497705826
1606,0.9894234497705826
1607,0.9894234497705826
1608,0.9894234497705826
1609,0.9894234497705826
1610,0.9894234497705826
1611,0.9894234497705826
1612,0.9894234497705826
1613,0.9894234497705826
1614,0.9894234497705826
1615,0.9894234497705826
1616,0.9894234497705826
1617,0.9894234497705826
1618,0.9894234497705826
1619,0.9894234497705826
1620,0.9894234497705826
1621,0.9894234497705826
1622,0.9894234497705826
1623,0.9871119549160048
1624,0.983127015542982
1625,0.983127015542982
1626,0.9752540019419058
1627,0.9563482878985938
1628,0.900151272531759
1629,0.900151272531759
1630,0.9055094045337844
1631,0.9055094045337844
1632,0.913423899805986
1633,0.832209703835386
1634,0.0101083108360959
1635,0.009009971936019
1636,0.0081604214169462
1637,0.0067419432359643
1638,0.0065264481389564
1639,0.0085209230107633
1640,0.0099526172206641
1641,0.0099526172206641
1642,0.0099582093257096
1643,0.0076299007425166
1644,0.0076299007425166
1645,0.0076299007425166
1646,0.0093599364677355
1647,0.0093599364677355
1648,0.0095076618571127
1649,0.0099608071620549
1650,0.010092092503092
1651,0.010092092503092
1652,0.0132740275353774
1653,0.0231876955242847
1654,0.0200976939101678
1655,0.0249842645187508
1656,0.0249546137421218
1657,0.0231458027164455
1658,0.0231458027164455
1659,0.0231458027164455
1660,0.0231458027164455
1661,0.0231458027164455
1662,0.0231458027164455
1663,0.016923690619394
1664,0.012762869084747
1665,0.0101810642963709
1666,0.0080561951614138
1667,0.0088141834580897
1668,0.0088141834580897
1669,0.0088141834580897
1670,0.0088270743131391
1671,0.0088270743131391
1672,0.0088270743131391
1673,0.0088270743131391
1674,0.0088795651271225
1675,0.0088795651271225
1676,0.0088795651271225
1677,0.0088795651271225
1678,0.0076812770999322
1679,0.0076812770999322
1680,0.0076700465920626
1681,0.0076299007425166
1682,0.0077928309298156
1683,0.0077928309298156
1684,0.0079160207475166
1685,0.0098705637151298
1686,0.0098705637151298
1687,0.0098705637151298
1688,0.0096843096329319
1689,0.007766358916194
1690,0.007766358916194
1691,0.0086958427437291
1692,0.0099832754797797
1693,0.0099307334148065
1694,0.0084952196344761
1695,0.0084952196344761
1696,0.0084952196344761
1697,0.0086073561906792
1698,0.0085139057162528
1699,0.0106144928788084
1700,0.0111321545727871
1701,0.0106549299515584
1702,0.0083602610761924
1703,0.0089638944628894
1704,0.0089638944628894
1705,0.0089638944628894
1706,0.0089638944628894
1707,0.0428080775436856
1708,0.0428080775436856
1709,0.0370545435508006
1710,0.0323360023661753
1711,0.033405387875161
1712,0.033286836894603
1713,0.033286836894603
1714,0.033286836894603
1715,0.033286836894603
1716,0.03322267982682
1717,0.0379825073214971
1718,0.036892245502195
1719,0.036892245502195
1720,0.036892245502195
1721,0.0408519764249402
1722,0.0480047493171665
1723,0.0107211242321633
1724,0.0095568417112103
1725,0.0096917780595941
1726,0.0083081112515478
1727,0.0075702638550012
1728,0.0080408257690345
1729,0.0091113294994787
1730,0.009109340650269
1731,0.009109340650269
1732,0.0097762314167583
1733,0.0092052091785078
1734,0.0092052091785078
1735,0.0092052091785078
1736,0.0111078704367378
1737,0.0091542341899839
1738,0.0091014603269818
1739,0.0105189500493486
1740,0.0102088724090179
1741,0.0102088724090179
1742,0.0095042900853489
1743,0.0095042900853489
1744,0.0102088724090179
1745,0.0088374444413967
1746,0.0088374444413967
1747,0.0088374444413967
1748,0.0088374444413967
1749,0.0088374444413967
1750,0.0096052253312117
1751,0.0098971515221839
1752,0.0099740805287939
1753,0.0099740805287939
1754,0.0099740805287939
1755,0.0099740805287939
1756,0.010672807818981
1757,0.010672807818981
1758,0.0100928168204001
1759,0.0100928168204001
1760,0.0100928168204001
1761,0.0092864264029763
1762,0.0092864264029763
1763,0.0092864264029763
1764,0.0092864264029763
1765,0.0088636859178472
1766,0.0088636859178472
1767,0.0095207665255576
1768,0.0085324114251219
1769,0.0085324114251219
1770,0.0083997104966396
1771,0.0090535939942639
1772,0.0091595139060909
1773,0.0096495441853622
1774,0.0096495441853622
1775,0.0097767675336937
1776,0.00895959020098
1777,0.0102737550361916
1778,0.0102737550361916
1779,0.0117870931308599
1780,0.0117870931308599
1781,0.0126943967534811
1782,0.0138762749140154
1783,0.0137946575759482
1784,0.0137946575759482
1785,0.012845200556785
1786,0.012845200556785
1787,0.012845200556785
1788,0.0107884033069849
1789,0.0089015776677843
1790,0.0089035215635313
1791,0.009395588578988
1792,0.0077813031210957
1793,0.0073840768977453
1794,0.0073840768977453
1795,0.0077368004546031
1796,0.0077368004546031
1797,0.0077368004546031
1798,0.0077368004546031
1799,0.0076808990020124
1800,0.0076808990020124
1801,0.007201273419662
1802,0.007201273419662
1803,0.007201273419662
1804,0.007201273419662
1805,0.0071870198949711
1806,0.0074602740743929
1807,0.0076456902147917
1808,0.0088675240062758
1809,0.0083476015704407
1810,0.0078592288890697
1811,0.0078592288890697
1812,0.0091352580098951
1813,0.0103311263366393
1814,0.0103369288951714
1815,0.0109775623757278
1816,0.0116593634881299
1817,0.0101496860652651
1818,0.0101496860652651
1819,0.0094223424237735
1820,0.0086793154248627
1821,0.0086793154248627
1822,0.0102235614684064
1823,0.0102235614684064
1824,0.0098691295224841
1825,0.0098835478648745
1826,0.0098835478648745
1827,0.0098122969673612
1828,0.010268655217564
1829,0.010268655217564
1830,0.010268655217564
1831,0.0096269983640152
1832,0.0095686643344347
1833,0.0095686643344347
1834,0.0088779138608955
1835,0.008808170813538
1836,0.008808170813538
1837,0.008808170813538
1838,0.0104905317492759
1839,0.0104905317492759
1840,0.011267395508539
1841,0.0120524958536722
1842,0.0120524958536722
1843,0.0120524958536722
